<?xml version="1.0" encoding="UTF-8"?>
<teamcity-plugin xmlns:xsi="http://www.w3.org/2001/XMLSchema-instance" xsi:noNamespaceSchemaLocation="urn:schemas-jetbrains-com:teamcity-plugin-v1-xml">
  <info>
    <name>XmlTest</name>
    <display-name>XmlTest</display-name>
    <version>snapshot-20140806113716</version>
    <description>Run XSpec tests in teamcity</description>
    <download-url>https://github.com/j-maly/XmlTestTeamcityPlugin</download-url>
    <email>jakub@maly.cz</email>
    <vendor>
      <name>Jakub Maly</name>
      <url>http://jakubmaly.cz</url>
    </vendor>
  </info>
  <deployment use-separate-classloader="true" />
</teamcity-plugin>
